name,url
auburn,https://auburn.craigslist.org/
birmingham,https://bham.craigslist.org/
dothan,https://dothan.craigslist.org/
florence / muscle shoals,https://shoals.craigslist.org/
gadsden-anniston,https://gadsden.craigslist.org/
huntsville / decatur,https://huntsville.craigslist.org/
mobile,https://mobile.craigslist.org/
montgomery,https://montgomery.craigslist.org/
tuscaloosa,https://tuscaloosa.craigslist.org/
anchorage / mat-su,https://anchorage.craigslist.org/
fairbanks,https://fairbanks.craigslist.org/
kenai peninsula,https://kenai.craigslist.org/
southeast alaska,https://juneau.craigslist.org/
flagstaff / sedona,https://flagstaff.craigslist.org/
mohave county,https://mohave.craigslist.org/
phoenix,https://phoenix.craigslist.org/
prescott,https://prescott.craigslist.org/
show low,https://showlow.craigslist.org/
sierra vista,https://sierravista.craigslist.org/
tucson,https://tucson.craigslist.org/
yuma,https://yuma.craigslist.org/
fayetteville ,https://fayar.craigslist.org/
fort smith,https://fortsmith.craigslist.org/
jonesboro,https://jonesboro.craigslist.org/
little rock,https://littlerock.craigslist.org/
texarkana,https://texarkana.craigslist.org/
bakersfield,https://bakersfield.craigslist.org/
chico,https://chico.craigslist.org/
fresno / madera,https://fresno.craigslist.org/
gold country,https://goldcountry.craigslist.org/
hanford-corcoran,https://hanford.craigslist.org/
humboldt county,https://humboldt.craigslist.org/
imperial county,https://imperial.craigslist.org/
inland empire,https://inlandempire.craigslist.org/
los angeles,https://losangeles.craigslist.org/
mendocino county,https://mendocino.craigslist.org/
merced,https://merced.craigslist.org/
modesto,https://modesto.craigslist.org/
monterey bay,https://monterey.craigslist.org/
orange county,https://orangecounty.craigslist.org/
palm springs,https://palmsprings.craigslist.org/
redding,https://redding.craigslist.org/
sacramento,https://sacramento.craigslist.org/
san diego,https://sandiego.craigslist.org/
san francisco bay area,https://sfbay.craigslist.org/
san luis obispo,https://slo.craigslist.org/
santa barbara,https://santabarbara.craigslist.org/
santa maria,https://santamaria.craigslist.org/
siskiyou county,https://siskiyou.craigslist.org/
stockton,https://stockton.craigslist.org/
susanville,https://susanville.craigslist.org/
ventura county,https://ventura.craigslist.org/
visalia-tulare,https://visalia.craigslist.org/
yuba-sutter,https://yubasutter.craigslist.org/
boulder,https://boulder.craigslist.org/
colorado springs,https://cosprings.craigslist.org/
denver,https://denver.craigslist.org/
eastern CO,https://eastco.craigslist.org/
fort collins / north CO,https://fortcollins.craigslist.org/
high rockies,https://rockies.craigslist.org/
pueblo,https://pueblo.craigslist.org/
western slope,https://westslope.craigslist.org/
eastern CT,https://newlondon.craigslist.org/
hartford,https://hartford.craigslist.org/
new haven,https://newhaven.craigslist.org/
northwest CT,https://nwct.craigslist.org/
delaware,https://delaware.craigslist.org/
washington,https://washingtondc.craigslist.org/
broward county,https://miami.craigslist.org/
daytona beach,https://daytona.craigslist.org/
florida keys,https://keys.craigslist.org/
fort lauderdale,https://miami.craigslist.org/
ft myers / SW florida,https://fortmyers.craigslist.org/
gainesville,https://gainesville.craigslist.org/
heartland florida,https://cfl.craigslist.org/
jacksonville,https://jacksonville.craigslist.org/
lakeland,https://lakeland.craigslist.org/
miami / dade,https://miami.craigslist.org/
north central FL,https://lakecity.craigslist.org/
ocala,https://ocala.craigslist.org/
okaloosa / walton,https://okaloosa.craigslist.org/
orlando,https://orlando.craigslist.org/
panama city,https://panamacity.craigslist.org/
pensacola,https://pensacola.craigslist.org/
sarasota-bradenton,https://sarasota.craigslist.org/
south florida,https://miami.craigslist.org/
space coast,https://spacecoast.craigslist.org/
st augustine,https://staugustine.craigslist.org/
tallahassee,https://tallahassee.craigslist.org/
tampa bay area,https://tampa.craigslist.org/
treasure coast,https://treasure.craigslist.org/
palm beach county,https://miami.craigslist.org/
albany ,https://albanyga.craigslist.org/
athens,https://athensga.craigslist.org/
atlanta,https://atlanta.craigslist.org/
augusta,https://augusta.craigslist.org/
brunswick,https://brunswick.craigslist.org/
columbus ,https://columbusga.craigslist.org/
macon / warner robins,https://macon.craigslist.org/
northwest GA,https://nwga.craigslist.org/
savannah / hinesville,https://savannah.craigslist.org/
statesboro,https://statesboro.craigslist.org/
valdosta,https://valdosta.craigslist.org/
hawaii,https://honolulu.craigslist.org/
boise,https://boise.craigslist.org/
east idaho,https://eastidaho.craigslist.org/
lewiston / clarkston,https://lewiston.craigslist.org/
twin falls,https://twinfalls.craigslist.org/
bloomington-normal,https://bn.craigslist.org/
champaign urbana,https://chambana.craigslist.org/
chicago,https://chicago.craigslist.org/
decatur,https://decatur.craigslist.org/
la salle co,https://lasalle.craigslist.org/
mattoon-charleston,https://mattoon.craigslist.org/
peoria,https://peoria.craigslist.org/
rockford,https://rockford.craigslist.org/
southern illinois,https://carbondale.craigslist.org/
springfield ,https://springfieldil.craigslist.org/
western IL,https://quincy.craigslist.org/
bloomington,https://bloomington.craigslist.org/
evansville,https://evansville.craigslist.org/
fort wayne,https://fortwayne.craigslist.org/
indianapolis,https://indianapolis.craigslist.org/
kokomo,https://kokomo.craigslist.org/
lafayette / west lafayette,https://tippecanoe.craigslist.org/
muncie / anderson,https://muncie.craigslist.org/
richmond ,https://richmondin.craigslist.org/
south bend / michiana,https://southbend.craigslist.org/
terre haute,https://terrehaute.craigslist.org/
ames,https://ames.craigslist.org/
cedar rapids,https://cedarrapids.craigslist.org/
des moines,https://desmoines.craigslist.org/
dubuque,https://dubuque.craigslist.org/
fort dodge,https://fortdodge.craigslist.org/
iowa city,https://iowacity.craigslist.org/
mason city,https://masoncity.craigslist.org/
quad cities,https://quadcities.craigslist.org/
sioux city,https://siouxcity.craigslist.org/
southeast IA,https://ottumwa.craigslist.org/
waterloo / cedar falls,https://waterloo.craigslist.org/
lawrence,https://lawrence.craigslist.org/
manhattan,https://ksu.craigslist.org/
northwest KS,https://nwks.craigslist.org/
salina,https://salina.craigslist.org/
southeast KS,https://seks.craigslist.org/
southwest KS,https://swks.craigslist.org/
topeka,https://topeka.craigslist.org/
wichita,https://wichita.craigslist.org/
bowling green,https://bgky.craigslist.org/
eastern kentucky,https://eastky.craigslist.org/
lexington,https://lexington.craigslist.org/
louisville,https://louisville.craigslist.org/
owensboro,https://owensboro.craigslist.org/
western KY,https://westky.craigslist.org/
baton rouge,https://batonrouge.craigslist.org/
central louisiana,https://cenla.craigslist.org/
houma,https://houma.craigslist.org/
lafayette,https://lafayette.craigslist.org/
lake charles,https://lakecharles.craigslist.org/
monroe,https://monroe.craigslist.org/
new orleans,https://neworleans.craigslist.org/
shreveport,https://shreveport.craigslist.org/
maine,https://maine.craigslist.org/
annapolis,https://annapolis.craigslist.org/
baltimore,https://baltimore.craigslist.org/
eastern shore,https://easternshore.craigslist.org/
frederick,https://frederick.craigslist.org/
southern maryland,https://smd.craigslist.org/
western maryland,https://westmd.craigslist.org/
boston,https://boston.craigslist.org/
cape cod / islands,https://capecod.craigslist.org/
south coast,https://southcoast.craigslist.org/
western massachusetts,https://westernmass.craigslist.org/
worcester / central MA,https://worcester.craigslist.org/
ann arbor,https://annarbor.craigslist.org/
battle creek,https://battlecreek.craigslist.org/
central michigan,https://centralmich.craigslist.org/
detroit metro,https://detroit.craigslist.org/
flint,https://flint.craigslist.org/
grand rapids,https://grandrapids.craigslist.org/
holland,https://holland.craigslist.org/
jackson ,https://jxn.craigslist.org/
kalamazoo,https://kalamazoo.craigslist.org/
lansing,https://lansing.craigslist.org/
monroe ,https://monroemi.craigslist.org/
muskegon,https://muskegon.craigslist.org/
northern michigan,https://nmi.craigslist.org/
port huron,https://porthuron.craigslist.org/
saginaw-midland-baycity,https://saginaw.craigslist.org/
southwest michigan,https://swmi.craigslist.org/
the thumb,https://thumb.craigslist.org/
upper peninsula,https://up.craigslist.org/
bemidji,https://bemidji.craigslist.org/
brainerd,https://brainerd.craigslist.org/
duluth / superior,https://duluth.craigslist.org/
mankato,https://mankato.craigslist.org/
minneapolis / st paul,https://minneapolis.craigslist.org/
rochester ,https://rmn.craigslist.org/
southwest MN,https://marshall.craigslist.org/
st cloud,https://stcloud.craigslist.org/
gulfport / biloxi,https://gulfport.craigslist.org/
hattiesburg,https://hattiesburg.craigslist.org/
jackson,https://jackson.craigslist.org/
meridian,https://meridian.craigslist.org/
north mississippi,https://northmiss.craigslist.org/
southwest MS,https://natchez.craigslist.org/
columbia / jeff city,https://columbiamo.craigslist.org/
joplin,https://joplin.craigslist.org/
kansas city,https://kansascity.craigslist.org/
kirksville,https://kirksville.craigslist.org/
lake of the ozarks,https://loz.craigslist.org/
southeast missouri,https://semo.craigslist.org/
springfield,https://springfield.craigslist.org/
st joseph,https://stjoseph.craigslist.org/
st louis,https://stlouis.craigslist.org/
billings,https://billings.craigslist.org/
bozeman,https://bozeman.craigslist.org/
butte,https://butte.craigslist.org/
great falls,https://greatfalls.craigslist.org/
helena,https://helena.craigslist.org/
kalispell,https://kalispell.craigslist.org/
missoula,https://missoula.craigslist.org/
eastern montana,https://montana.craigslist.org/
grand island,https://grandisland.craigslist.org/
lincoln,https://lincoln.craigslist.org/
north platte,https://northplatte.craigslist.org/
omaha / council bluffs,https://omaha.craigslist.org/
scottsbluff / panhandle,https://scottsbluff.craigslist.org/
elko,https://elko.craigslist.org/
las vegas,https://lasvegas.craigslist.org/
reno / tahoe,https://reno.craigslist.org/
new hampshire,https://nh.craigslist.org/
central NJ,https://cnj.craigslist.org/
jersey shore,https://jerseyshore.craigslist.org/
north jersey,https://newjersey.craigslist.org/
south jersey,https://southjersey.craigslist.org/
albuquerque,https://albuquerque.craigslist.org/
clovis / portales,https://clovis.craigslist.org/
farmington,https://farmington.craigslist.org/
las cruces,https://lascruces.craigslist.org/
roswell / carlsbad,https://roswell.craigslist.org/
santa fe / taos,https://santafe.craigslist.org/
albany,https://albany.craigslist.org/
binghamton,https://binghamton.craigslist.org/
buffalo,https://buffalo.craigslist.org/
catskills,https://catskills.craigslist.org/
chautauqua,https://chautauqua.craigslist.org/
elmira-corning,https://elmira.craigslist.org/
finger lakes,https://fingerlakes.craigslist.org/
glens falls,https://glensfalls.craigslist.org/
hudson valley,https://hudsonvalley.craigslist.org/
ithaca,https://ithaca.craigslist.org/
long island,https://longisland.craigslist.org/
new york city,https://newyork.craigslist.org/
oneonta,https://oneonta.craigslist.org/
plattsburgh-adirondacks,https://plattsburgh.craigslist.org/
potsdam-canton-massena,https://potsdam.craigslist.org/
rochester,https://rochester.craigslist.org/
syracuse,https://syracuse.craigslist.org/
twin tiers NY/PA,https://twintiers.craigslist.org/
utica-rome-oneida,https://utica.craigslist.org/
watertown,https://watertown.craigslist.org/
asheville,https://asheville.craigslist.org/
boone,https://boone.craigslist.org/
charlotte,https://charlotte.craigslist.org/
eastern NC,https://eastnc.craigslist.org/
fayetteville,https://fayetteville.craigslist.org/
greensboro,https://greensboro.craigslist.org/
hickory / lenoir,https://hickory.craigslist.org/
jacksonville ,https://onslow.craigslist.org/
outer banks,https://outerbanks.craigslist.org/
raleigh / durham / CH,https://raleigh.craigslist.org/
wilmington,https://wilmington.craigslist.org/
winston-salem,https://winstonsalem.craigslist.org/
bismarck,https://bismarck.craigslist.org/
fargo / moorhead,https://fargo.craigslist.org/
grand forks,https://grandforks.craigslist.org/
north dakota,https://nd.craigslist.org/
akron / canton,https://akroncanton.craigslist.org/
ashtabula,https://ashtabula.craigslist.org/
athens ,https://athensohio.craigslist.org/
chillicothe,https://chillicothe.craigslist.org/
cincinnati,https://cincinnati.craigslist.org/
cleveland,https://cleveland.craigslist.org/
columbus,https://columbus.craigslist.org/
dayton / springfield,https://dayton.craigslist.org/
lima / findlay,https://limaohio.craigslist.org/
mansfield,https://mansfield.craigslist.org/
sandusky,https://sandusky.craigslist.org/
toledo,https://toledo.craigslist.org/
tuscarawas co,https://tuscarawas.craigslist.org/
youngstown,https://youngstown.craigslist.org/
zanesville / cambridge,https://zanesville.craigslist.org/
lawton,https://lawton.craigslist.org/
northwest OK,https://enid.craigslist.org/
oklahoma city,https://oklahomacity.craigslist.org/
stillwater,https://stillwater.craigslist.org/
tulsa,https://tulsa.craigslist.org/
bend,https://bend.craigslist.org/
corvallis/albany,https://corvallis.craigslist.org/
east oregon,https://eastoregon.craigslist.org/
eugene,https://eugene.craigslist.org/
klamath falls,https://klamath.craigslist.org/
medford-ashland,https://medford.craigslist.org/
oregon coast,https://oregoncoast.craigslist.org/
portland,https://portland.craigslist.org/
roseburg,https://roseburg.craigslist.org/
salem,https://salem.craigslist.org/
altoona-johnstown,https://altoona.craigslist.org/
cumberland valley,https://chambersburg.craigslist.org/
erie,https://erie.craigslist.org/
harrisburg,https://harrisburg.craigslist.org/
lancaster,https://lancaster.craigslist.org/
lehigh valley,https://allentown.craigslist.org/
meadville,https://meadville.craigslist.org/
philadelphia,https://philadelphia.craigslist.org/
pittsburgh,https://pittsburgh.craigslist.org/
poconos,https://poconos.craigslist.org/
reading,https://reading.craigslist.org/
scranton / wilkes-barre,https://scranton.craigslist.org/
state college,https://pennstate.craigslist.org/
williamsport,https://williamsport.craigslist.org/
york,https://york.craigslist.org/
rhode island,https://providence.craigslist.org/
charleston,https://charleston.craigslist.org/
columbia,https://columbia.craigslist.org/
florence,https://florencesc.craigslist.org/
greenville / upstate,https://greenville.craigslist.org/
hilton head,https://hiltonhead.craigslist.org/
myrtle beach,https://myrtlebeach.craigslist.org/
northeast SD,https://nesd.craigslist.org/
pierre / central SD,https://csd.craigslist.org/
rapid city / west SD,https://rapidcity.craigslist.org/
sioux falls / SE SD,https://siouxfalls.craigslist.org/
south dakota,https://sd.craigslist.org/
chattanooga,https://chattanooga.craigslist.org/
clarksville,https://clarksville.craigslist.org/
cookeville,https://cookeville.craigslist.org/
jackson  ,https://jacksontn.craigslist.org/
knoxville,https://knoxville.craigslist.org/
memphis,https://memphis.craigslist.org/
nashville,https://nashville.craigslist.org/
tri-cities,https://tricities.craigslist.org/
abilene,https://abilene.craigslist.org/
amarillo,https://amarillo.craigslist.org/
austin,https://austin.craigslist.org/
beaumont / port arthur,https://beaumont.craigslist.org/
brownsville,https://brownsville.craigslist.org/
college station,https://collegestation.craigslist.org/
corpus christi,https://corpuschristi.craigslist.org/
dallas / fort worth,https://dallas.craigslist.org/
deep east texas,https://nacogdoches.craigslist.org/
del rio / eagle pass,https://delrio.craigslist.org/
el paso,https://elpaso.craigslist.org/
galveston,https://galveston.craigslist.org/
houston,https://houston.craigslist.org/
killeen / temple / ft hood,https://killeen.craigslist.org/
laredo,https://laredo.craigslist.org/
lubbock,https://lubbock.craigslist.org/
mcallen / edinburg,https://mcallen.craigslist.org/
odessa / midland,https://odessa.craigslist.org/
san angelo,https://sanangelo.craigslist.org/
san antonio,https://sanantonio.craigslist.org/
san marcos,https://sanmarcos.craigslist.org/
southwest TX,https://bigbend.craigslist.org/
texoma,https://texoma.craigslist.org/
tyler / east TX,https://easttexas.craigslist.org/
victoria ,https://victoriatx.craigslist.org/
waco,https://waco.craigslist.org/
wichita falls,https://wichitafalls.craigslist.org/
logan,https://logan.craigslist.org/
ogden-clearfield,https://ogden.craigslist.org/
provo / orem,https://provo.craigslist.org/
salt lake city,https://saltlakecity.craigslist.org/
st george,https://stgeorge.craigslist.org/
vermont,https://vermont.craigslist.org/
charlottesville,https://charlottesville.craigslist.org/
danville,https://danville.craigslist.org/
fredericksburg,https://fredericksburg.craigslist.org/
hampton roads,https://norfolk.craigslist.org/
harrisonburg,https://harrisonburg.craigslist.org/
lynchburg,https://lynchburg.craigslist.org/
new river valley,https://blacksburg.craigslist.org/
richmond,https://richmond.craigslist.org/
roanoke,https://roanoke.craigslist.org/
southwest VA,https://swva.craigslist.org/
winchester,https://winchester.craigslist.org/
bellingham,https://bellingham.craigslist.org/
kennewick-pasco-richland,https://kpr.craigslist.org/
moses lake,https://moseslake.craigslist.org/
olympic peninsula,https://olympic.craigslist.org/
pullman / moscow,https://pullman.craigslist.org/
seattle-tacoma,https://seattle.craigslist.org/
skagit / island / SJI,https://skagit.craigslist.org/
spokane / coeur d'alene,https://spokane.craigslist.org/
wenatchee,https://wenatchee.craigslist.org/
yakima,https://yakima.craigslist.org/
charleston ,https://charlestonwv.craigslist.org/
eastern panhandle,https://martinsburg.craigslist.org/
huntington-ashland,https://huntington.craigslist.org/
morgantown,https://morgantown.craigslist.org/
northern panhandle,https://wheeling.craigslist.org/
parkersburg-marietta,https://parkersburg.craigslist.org/
southern WV,https://swv.craigslist.org/
west virginia (old),https://wv.craigslist.org/
appleton-oshkosh-FDL,https://appleton.craigslist.org/
eau claire,https://eauclaire.craigslist.org/
green bay,https://greenbay.craigslist.org/
janesville,https://janesville.craigslist.org/
kenosha-racine,https://racine.craigslist.org/
la crosse,https://lacrosse.craigslist.org/
madison,https://madison.craigslist.org/
milwaukee,https://milwaukee.craigslist.org/
northern WI,https://northernwi.craigslist.org/
sheboygan,https://sheboygan.craigslist.org/
wausau,https://wausau.craigslist.org/
wyoming,https://wyoming.craigslist.org/
guam-micronesia,https://micronesia.craigslist.org/
puerto rico,https://puertorico.craigslist.org/
U.S. virgin islands,https://virgin.craigslist.org/
